country,year,inflation_rate,unemployment_rate,consumption_index,inflation_z,unemployment_z,consumption_z,risk_score,risk_level
Austria,2010,1.6916666666666669,5.191666666666666,92.0663125,-0.3012980254577514,-0.6784529023548954,-0.4949486387000685,-0.33062613107475947,Medium Risk
Austria,2011,3.5416666666666665,4.875,95.08125,0.300269319204367,-0.7501406672705303,-0.27806344273112665,-0.2293768493277297,Medium Risk
Austria,2012,2.558333333333333,5.241666666666666,95.6419375,-0.019482692823245593,-0.6671337815787425,-0.23772933354483805,-0.2918658319273773,Medium Risk
Austria,2013,2.1166666666666667,5.708333333333333,95.33725,-0.16310012195429183,-0.5614886543346489,-0.25964760155098643,-0.27774484344341466,Medium Risk
Austria,2014,1.4583333333333333,6.033333333333334,96.283125,-0.3771713842439647,-0.48791436928965487,-0.19160430554995062,-0.3187877388080267,Medium Risk
Austria,2015,0.8083333333333332,6.15,97.6395625,-0.5885328837198442,-0.46150308747863156,-0.09402642441406606,-0.3885061239724559,Medium Risk
Austria,2016,0.9833333333333334,6.4750000000000005,100.05525,-0.5316278646301843,-0.38792880243363775,0.07975059644862965,-0.3694028798956001,Medium Risk
Austria,2017,2.225,5.933333333333334,102.6451875,-0.12787320537497857,-0.5105526108419608,0.26606261858335445,-0.34685079075014486,Medium Risk
Austria,2018,2.1166666666666667,5.216666666666667,105.3226875,-0.16310012195429183,-0.6727933419668188,0.4586736137389224,-0.47706143031748144,Medium Risk
Austria,2019,1.4833333333333334,4.816666666666666,106.8345,-0.3690420958025847,-0.763346308176042,0.5674286875441992,-0.6058715203376362,Medium Risk
Austria,2020,1.4,6.1000000000000005,100.000125,-0.396139723940518,-0.47282220825478444,0.07578507596013238,-0.3704100365015741,Medium Risk
Austria,2021,2.766666666666666,6.166666666666667,106.1081875,0.04826137752158748,-0.45773004721991395,0.5151800326725168,-0.31742261688798407,Medium Risk
Austria,2022,8.583333333333334,4.741666666666667,112.033,1.93967582154933,-0.7803249893402712,0.9413925561963826,0.003461740555386894,Medium Risk
Austria,2023,7.791666666666667,5.141666666666667,110.251125,1.6822483542389637,-0.6897720231310482,0.8132100288414514,-0.0028535110621253357,Medium Risk
Austria,2024,2.9250000000000003,5.175,108.874125,0.09974687098366093,-0.682225942613613,0.7141529456185881,-0.45401949913542583,Medium Risk
Austria,2025,3.575,5.683333333333334,109.872125,0.3111083704595404,-0.5671482147227253,0.7859459514692904,-0.3474307865173586,Medium Risk
Belgium,2010,2.325,8.391666666666667,90.6575,-0.09535605160945862,0.045970827318889636,-0.5962942139055226,0.11363744095771176,Medium Risk
Belgium,2011,3.35,7.225,92.9754375,0.23794477448712054,-0.21814199079134466,-0.42954902302469716,0.048222241555403264,Medium Risk
Belgium,2012,2.6416666666666666,7.641666666666667,93.097125,0.0076149353146877236,-0.12381598432340386,-0.4207952039871642,0.02453552923013723,Medium Risk
Belgium,2013,1.2416666666666667,8.558333333333334,93.27,-0.44762521740259115,0.0837012299060658,-0.40835911592459945,-0.010765127082824552,Medium Risk
Belgium,2014,0.4916666666666667,8.65,95.3219375,-0.6915038706439905,0.10445295132901278,-0.26074913502001285,-0.10307485852468819,Medium Risk
Belgium,2015,0.625,8.658333333333333,97.12275,-0.6481476656232973,0.10633947145837148,-0.1312043030074693,-0.11503370335630958,Medium Risk
Belgium,2016,1.7583333333333335,7.833333333333333,99.184125,-0.27961992294740484,-0.08042602134815119,0.017084582198435193,-0.12751590399798407,Medium Risk
Belgium,2017,2.2333333333333334,7.1000000000000005,101.0271875,-0.12516344256118525,-0.24643979273172667,0.1496687473744987,-0.19070267860911866,Medium Risk
Belgium,2018,2.308333333333333,5.966666666666666,103.157125,-0.10077557723704539,-0.5030065303245257,0.30288980488865846,-0.34231389931110817,Medium Risk
Belgium,2019,1.2666666666666666,5.375,105.2906875,-0.4394959289612112,-0.6369494595090014,0.45637163359140515,-0.5415978351611451,Medium Risk
Belgium,2020,0.425,5.558333333333334,99.9999375,-0.7131819731543372,-0.5954460166631075,0.07577158779520585,-0.5268319178368961,Medium Risk
Belgium,2021,3.225,6.283333333333334,106.4435,0.19729833228022065,-0.43131876540889047,0.539301367616719,-0.2643301565437228,Medium Risk
Belgium,2022,10.316666666666666,5.558333333333334,110.83,2.5033064868183414,-0.5954460166631075,0.8548524900256452,0.2822984397088196,Medium Risk
Belgium,2023,2.341666666666667,5.541666666666667,111.167125,-0.08993652598187198,-0.5992190569218251,0.8791042105641406,-0.5024113283683023,Medium Risk
Belgium,2024,4.316666666666667,5.7250000000000005,112.133625,0.5522772608871467,-0.5577156140759311,0.9486312047071307,-0.3029008697132477,Medium Risk
Belgium,2025,3.033333333333333,6.208333333333333,113.2115625,0.13497378756297407,-0.44829744657312004,1.026174664871652,-0.3888915199919982,Medium Risk
Bulgaria,2010,3.0416666666666665,11.341666666666669,83.167875,0.13768355037676738,0.7137989531119102,-1.135074465853991,0.6252194348397836,Medium Risk
Bulgaria,2011,3.391666666666666,12.308333333333332,85.215375,0.251493588556087,0.9326352881175319,-0.9877837048526741,0.7393224615961269,Medium Risk
Bulgaria,2012,2.375,13.283333333333331,86.4179375,-0.07909747472669872,1.153358143252513,-0.9012751110667664,0.7332048514216002,Medium Risk
Bulgaria,2013,0.3833333333333333,13.916666666666666,85.5258125,-0.7267307872233039,1.2967336730837833,-0.9654517997887683,0.6234379603326542,Medium Risk
Bulgaria,2014,-1.6,12.416666666666666,86.985125,-1.3716543369061154,0.9571600497991967,-0.860473412163013,0.23917840626036635,Medium Risk
Bulgaria,2015,-1.0666666666666669,10.141666666666667,89.549375,-1.1982295168233428,0.44214005448424065,-0.6760092686232684,-0.003196974080228815,Medium Risk
Bulgaria,2016,-1.3166666666666669,8.558333333333334,91.9776875,-1.2795224012371424,0.0837012299060658,-0.5013240446554974,-0.24174129648701034,Medium Risk
Bulgaria,2017,1.1833333333333331,7.141666666666667,95.2121875,-0.4665935570991445,-0.23700719208493273,-0.2686442075572023,-0.20475282166076925,Medium Risk
Bulgaria,2018,2.625,6.175,98.498875,0.0021954096871010893,-0.45584352709055526,-0.032210164554264155,-0.22082110772829447,Medium Risk
Bulgaria,2019,2.45,5.175,102.328875,-0.054709609402558715,-0.682225942613613,0.2433080843517401,-0.4061874709979222,Medium Risk
Bulgaria,2020,1.225,6.05,100.0000625,-0.4530447430301778,-0.4841413290309375,0.07578057990515687,-0.39314020340555345,Medium Risk
Bulgaria,2021,2.841666666666667,5.175,107.6984375,0.07264924284572763,-0.682225942613613,0.6295776554721962,-0.4452337295475275,Medium Risk
Bulgaria,2022,12.983333333333334,4.166666666666667,114.3025625,3.3704305872322067,-0.9104948782660295,1.1046578005260774,0.3349501769314316,Medium Risk
Bulgaria,2023,8.716666666666667,4.325,114.122125,1.983032026570023,-0.874650995808212,1.0916776898114624,-0.06075142789539162,Medium Risk
Bulgaria,2024,2.6083333333333334,4.183333333333333,118.027625,-0.003224115940485545,-0.906721838007312,1.3726271731280162,-0.7288535884114049,Medium Risk
Bulgaria,2025,3.533333333333333,3.533333333333333,123.1873125,0.2975595563905737,-1.0538704080972994,1.74379899164034,-0.7864271354595456,Low Risk
Croatia,2010,1.0833333333333333,11.75,93.2173125,-0.4991107108646644,0.8062384394504917,-0.41214929026904656,0.33581586451965584,Medium Risk
Croatia,2011,2.2,13.525,93.360875,-0.1360024938163585,1.2080672270039192,-0.40182185199004794,0.6435972357550617,Medium Risk
Croatia,2012,3.341666666666667,15.833333333333334,90.999375,0.23523501167332722,1.730633302836311,-0.5717007931888801,1.0502273135579296,High Risk
Croatia,2013,2.3583333333333334,17.391666666666666,91.0786875,-0.08451700035428535,2.083412567026409,-0.5659952994248181,1.1295502432918827,High Risk
Croatia,2014,0.225,17.158333333333335,90.5543125,-0.778216280685377,2.0305900034043627,-0.6037172006702718,0.9025735576306226,High Risk
Croatia,2015,-0.25,16.091666666666665,92.9618125,-0.9326727610715967,1.7891154268464338,-0.4305291630093827,0.7008617177036144,Medium Risk
Croatia,2016,-0.6416666666666667,13.266666666666666,96.344,-1.060031613319883,1.1495851029937958,-0.18722514800369686,0.29422809710167236,Medium Risk
Croatia,2017,1.3083333333333331,10.908333333333331,99.9535,-0.4259471148922446,0.615699906385251,0.07243101894832034,0.16557961493528803,Medium Risk
Croatia,2018,1.55,8.266666666666667,103.495375,-0.34736399329223805,0.01767302537850742,0.327222454416715,-0.1608171761817607,Medium Risk
Croatia,2019,0.7999999999999999,6.566666666666666,107.050875,-0.5912426465336376,-0.36717708101069096,0.5829940298697962,-0.477560140439396,Medium Risk
Croatia,2020,0.0416666666666666,7.633333333333333,100.0,-0.8378310625888302,-0.1257025044527628,0.07577608385018136,-0.32935578777306673,Medium Risk
Croatia,2021,2.6750000000000003,7.483333333333333,110.70425,0.018453986569861136,-0.15965986678122132,0.8458064274146977,-0.24345502290259186,Medium Risk
Croatia,2022,10.633333333333333,6.716666666666666,121.03775,2.606277473742488,-0.33321971868223244,1.589166172863835,0.2974401482088631,Medium Risk
Croatia,2023,8.466666666666667,6.058333333333334,124.1768125,1.901739142156223,-0.48225480890157857,1.814980534014358,-0.03360176860679398,Medium Risk
Croatia,2024,4.041666666666667,5.133333333333334,130.317625,0.46285508803196673,-0.6916585432604069,2.256731423533967,-0.6583190299274069,Medium Risk
Croatia,2025,4.375,4.783333333333333,134.83175,0.5712456005836997,-0.7708923886934772,2.5814634902031104,-0.7303652122122508,Medium Risk
Cyprus,2010,2.533333333333333,6.283333333333334,87.1915,-0.027611981264625544,-0.43131876540889047,-0.8456274386335146,-0.05481748935712996,Medium Risk
Cyprus,2011,3.466666666666667,7.899999999999999,86.2348125,0.2758814538802271,-0.06533386031328092,-0.9144485521453327,0.23298721643649423,Medium Risk
Cyprus,2012,3.108333333333333,11.85,82.8919375,0.1593616528871139,0.8288766810027974,-1.154924548571354,0.6932317460818037,Medium Risk
Cyprus,2013,0.3833333333333333,15.908333333333331,76.9181875,-0.7267307872233039,1.7476119840005397,-1.58465748314113,0.9727182524615048,High Risk
Cyprus,2014,-0.2749999999999999,16.150000000000002,76.315125,-0.9408020495129766,1.8023210677519461,-1.6280399176008895,0.944527902542258,High Risk
Cyprus,2015,-1.5416666666666667,14.916666666666666,79.0996875,-1.3526859972095624,1.5231160886068411,-1.4277271802720835,0.6412976811949685,Medium Risk
Cyprus,2016,-1.2083333333333333,13.016666666666666,84.9675625,-1.2442954846578291,1.0929894991130313,-1.0056105628310077,0.3743282167253685,Medium Risk
Cyprus,2017,0.6916666666666668,11.125,91.03125,-0.6264695631129507,0.6647494297485806,-0.5694078051513138,0.2583154069706679,Medium Risk
Cyprus,2018,0.7833333333333333,8.416666666666666,96.0901875,-0.5966621721612242,0.05163038770696576,-0.20548362725969005,-0.11208673234294636,Medium Risk
Cyprus,2019,0.5499999999999999,7.158333333333334,102.2744375,-0.6725355309474373,-0.23323415182621493,0.2393920204679755,-0.3662561392909338,Medium Risk
Cyprus,2020,-1.1,7.6,99.999875,-1.209068568078516,-0.133248584970198,0.07576709174023033,-0.4444982812566999,Medium Risk
Cyprus,2021,2.25,7.183333333333334,110.85325,-0.11974391693359862,-0.2275745914381386,0.8565250224765762,-0.32101547529446417,Medium Risk
Cyprus,2022,8.083333333333334,6.275,123.1946875,1.7770900527217304,-0.43320528553824933,1.744329526127463,-0.032341532178098154,Medium Risk
Cyprus,2023,3.966666666666667,5.858333333333333,128.1174375,0.43846722270782673,-0.5275312920061902,2.09845680022721,-0.5519168392361891,Medium Risk
Cyprus,2024,2.25,4.891666666666667,132.95025,-0.11974391693359862,-0.7463676270118127,2.446114251217041,-0.8983298388293941,Low Risk
Cyprus,2025,0.8416666666666667,4.366666666666667,136.99212500000002,-0.5776938324646708,-0.8652183951614179,2.7368741264903984,-1.15329217261819,Low Risk
Czechia,2010,1.2,7.3,83.9618125,-0.4611740314715578,-0.2011633096271153,-1.077961079498688,-0.023341648355287375,Medium Risk
Czechia,2011,2.15,6.708333333333333,85.436375,-0.15226107069911857,-0.33510623881159113,-0.9718856544588809,-0.01885430972375493,Medium Risk
Czechia,2012,3.533333333333333,7.0,84.816625,0.2975595563905737,-0.2690780342840326,-1.0164685355971304,0.1580225568945819,Medium Risk
Czechia,2013,1.3666666666666665,6.9750000000000005,84.7679375,-0.4069787751956913,-0.2747375946721089,-1.0199709624231383,-0.05546823741013418,Medium Risk
Czechia,2014,0.4083333333333334,6.125,87.5835,-0.7186014987819238,-0.4671626478667081,-0.8174281818264252,-0.2856761372026462,Medium Risk
Czechia,2015,0.2833333333333333,5.066666666666666,92.1045,-0.7592479409888238,-0.7067507042952776,-0.49220154910996405,-0.48270942462229316,Medium Risk
Czechia,2016,0.6416666666666667,3.9583333333333335,94.0859375,-0.6427281399957107,-0.9576578814999998,-0.34966311821787777,-0.6017147591051375,Medium Risk
Czechia,2017,2.458333333333333,2.891666666666667,98.985125,-0.05199984658876554,-1.199132458057928,0.002769143156060692,-0.6157200116368057,Medium Risk
Czechia,2018,1.9166666666666667,2.2583333333333333,102.4411875,-0.22813442948533166,-1.3425079878891981,0.2513874951429297,-0.7899718218187844,Low Risk
Czechia,2019,2.575,2.025,105.826125,-0.014063167195658813,-1.3953305515112449,0.49488933656754325,-0.8008620932278288,Low Risk
Czechia,2020,3.2916666666666665,2.558333333333333,100.0000625,0.2189764347905672,-1.2745932632322807,0.07578057990515687,-0.5867598171600016,Medium Risk
Czechia,2021,3.2916666666666665,2.8083333333333336,105.6820625,0.2189764347905672,-1.2179976593515163,0.48452592984873843,-0.6402110852083357,Medium Risk
Czechia,2022,14.75,2.3833333333333333,109.1695,3.9449003037563917,-1.314210185948816,0.7354013014333686,0.3792847378658356,Medium Risk
Czechia,2023,12.116666666666667,2.625,108.6421875,3.0886152545977006,-1.25950110219741,0.6974680856040616,0.15734040815979278,Medium Risk
Czechia,2024,2.7,2.75,109.4250625,0.026583275011241088,-1.231203300257028,0.7537856702286791,-0.7583838016708775,Low Risk
Czechia,2025,2.2916666666666665,2.9,112.7875,-0.10619510286463203,-1.1972459379285691,0.9956689318620688,-0.8296152861960879,Low Risk
Denmark,2010,2.1750000000000003,7.75,85.3295625,-0.14413178225773846,-0.09929122264173927,-0.9795694124122161,0.10302873648425206,Medium Risk
Denmark,2011,2.6833333333333336,7.758333333333333,86.867,0.021163749383654454,-0.09740470251238056,-0.8689709560669346,0.131440964772293,Medium Risk
Denmark,2012,2.35,7.791666666666667,87.2145,-0.08722676316807866,-0.08985862199494513,-0.8439728904024867,0.0976972381326012,Medium Risk
Denmark,2013,0.5083333333333333,7.366666666666667,88.452125,-0.6860843450164039,-0.18607114859224463,-0.7549420097752564,-0.1478724758459922,Medium Risk
Denmark,2014,0.3416666666666667,6.916666666666667,89.8408125,-0.7402796012922704,-0.28794323557762064,-0.6550441642719514,-0.2350466653221011,Medium Risk
Denmark,2015,0.2333333333333333,6.266666666666667,91.916375,-0.7755065178715836,-0.43509180566760824,-0.5057346745865807,-0.3490509232779631,Medium Risk
Denmark,2016,0.0166666666666666,5.983333333333333,94.8759375,-0.8459603510302102,-0.4992334900658079,-0.2928329833260383,-0.44483825367675933,Medium Risk
Denmark,2017,1.0666666666666669,5.825,97.8253125,-0.5045302364922509,-0.5350773725236254,-0.08066414902652298,-0.40276492740418335,Medium Risk
Denmark,2018,0.7083333333333334,5.125,100.14225,-0.621050037485364,-0.6935450633897658,0.08600910497469318,-0.5502893639354307,Medium Risk
Denmark,2019,0.7333333333333334,5.0,101.74225,-0.6129207490439841,-0.7218428653301481,0.20110811235056927,-0.5850192798483831,Medium Risk
Denmark,2020,0.3416666666666666,5.625,99.999875,-0.7402796012922704,-0.5803538556282369,0.07576709174023033,-0.5274142265498457,Medium Risk
Denmark,2021,1.925,5.083333333333333,107.0448125,-0.22542466667153835,-0.7029776640365599,0.5825579125371612,-0.5356278145271737,Medium Risk
Denmark,2022,8.525,4.441666666666666,108.0840625,1.9207074818527765,-0.8482397139971887,0.6573183146717732,0.02062872462288401,Medium Risk
Denmark,2023,3.4416666666666664,5.125,107.9988125,0.26775216543884706,-0.6935450633897658,0.651185695685027,-0.3966840212002342,Medium Risk
Denmark,2024,1.275,6.2,111.319875,-0.4367861661474179,-0.45018396670247873,0.890092568924556,-0.5341463469803759,Medium Risk
Denmark,2025,1.825,6.375,113.6824375,-0.25794182043705827,-0.4105670439859437,1.060047943057975,-0.49467565673568437,Medium Risk
Estonia,2010,2.75,16.55,69.8790625,0.04284185189400099,1.892874033961169,-2.0910301708253276,1.3774956067138504,High Risk
Estonia,2011,5.075,12.341666666666669,76.763875,0.7988656769423392,0.9401813686349679,-1.5957582428759365,1.0289020359753729,High Risk
Estonia,2012,4.208333333333333,9.883333333333333,80.94075000000001,0.517050344307833,0.3836579304741171,-1.2952868888552393,0.6060014463004564,Medium Risk
Estonia,2013,3.2583333333333333,8.491666666666667,82.5684375,0.2081373835353939,0.06860906887119533,-1.1781961291251637,0.33238497532124855,Medium Risk
Estonia,2014,0.4833333333333333,7.316666666666666,85.1993125,-0.6942136334577839,-0.19739026936839768,-0.9889391909814077,-0.10917138652525243,Medium Risk
Estonia,2015,0.0666666666666666,6.375,86.4899375,-0.8297017741474503,-0.4105670439859437,-0.8960956557348517,-0.2749749230902366,Medium Risk
Estonia,2016,0.8083333333333332,6.833333333333333,89.620625,-0.5885328837198442,-0.30680843687120896,-0.6708837659510609,-0.19578733036134552,Medium Risk
Estonia,2017,3.633333333333333,5.824999999999999,94.3896875,0.33007671015609347,-0.5350773725236255,-0.32781229103636417,-0.10295321500771189,Medium Risk
Estonia,2018,3.408333333333333,5.391666666666667,98.8681875,0.25691311418367374,-0.6331764192502838,-0.005642975703324059,-0.23838568022937495,Medium Risk
Estonia,2019,2.25,4.483333333333333,102.149875,-0.11974391693359862,-0.8388071133503945,0.23043138290156376,-0.5014130083355895,Medium Risk
Estonia,2020,-0.6166666666666667,6.891666666666667,99.9999375,-1.051902324878503,-0.29360279596569716,0.07577158779520585,-0.4775264130054407,Medium Risk
Estonia,2021,4.491666666666667,6.183333333333334,110.198875,0.6091822799768064,-0.45395700696119634,0.809451326881833,-0.20611408486392285,Medium Risk
Estonia,2022,19.375,5.583333333333333,109.614625,5.448818665411688,-0.5897864562750311,0.7674222049697358,1.1862679304920436,High Risk
Estonia,2023,9.433333333333334,6.458333333333333,105.5511875,2.216071628556249,-0.3917018426923556,0.4751111907297896,0.37394832907473907,Medium Risk
Estonia,2024,3.758333333333333,7.608333333333333,105.2094375,0.37072315236299336,-0.1313620648408391,0.4505267621230991,-0.044569439136141364,Medium Risk
Estonia,2025,4.808333333333334,7.475,106.7015,0.7121532669009528,-0.16154638691058024,0.5578610825560788,0.021300570103779976,Medium Risk
Finland,2010,1.6916666666666669,8.558333333333334,93.408,-0.3012980254577514,0.0837012299060658,-0.39843182653842973,0.031147572623393432,Medium Risk
Finland,2011,3.333333333333333,7.966666666666666,96.0079375,0.23252524885953377,-0.05024169927841027,-0.21140043560760632,0.08691681214017627,Medium Risk
Finland,2012,3.158333333333333,7.825,94.7778125,0.17562022976987396,-0.0823125414775099,-0.2998917896377627,0.07150815611975977,Medium Risk
Finland,2013,2.216666666666667,8.283333333333333,93.959125,-0.13058296818877188,0.021446065637224832,-0.35878561376341106,0.043305265114663066,Medium Risk
Finland,2014,1.2333333333333334,8.766666666666667,93.578375,-0.45033498021638446,0.13086423314003628,-0.38617558067488966,0.007566738640080742,Medium Risk
Finland,2015,-0.1583333333333333,9.433333333333334,94.2219375,-0.90286537011987,0.2817858434887413,-0.3398797025909286,-0.061990748773404644,Medium Risk
Finland,2016,0.3999999999999999,8.908333333333333,96.945875,-0.7213112615957171,0.16293507533913593,-0.14392813858847409,-0.10614021309145234,Medium Risk
Finland,2017,0.8416666666666667,8.725,99.850125,-0.5776938324646708,0.12143163249324194,0.06499454401864457,-0.12559124229650917,Medium Risk
Finland,2018,1.1666666666666667,7.425000000000001,101.593,-0.4720130827267311,-0.17286550768673287,0.19037153306878865,-0.2661109852751435,Medium Risk
Finland,2019,1.125,6.75,102.65625,-0.4855618967956977,-0.325673638164797,0.26685842031403884,-0.3618770721839156,Medium Risk
Finland,2020,0.3916666666666666,7.766666666666667,99.999875,-0.7240210244095105,-0.09551818238302165,0.07576709174023033,-0.28011881686241,Medium Risk
Finland,2021,2.075,7.616666666666667,103.1206875,-0.17664893602325843,-0.1294755447114802,0.30026860483787254,-0.17778617413029213,Medium Risk
Finland,2022,7.158333333333334,6.766666666666667,105.1118125,1.476306380390671,-0.3219005979060794,0.44350392425117985,0.19324083031392564,Medium Risk
Finland,2023,4.383333333333334,7.216666666666666,102.8369375,0.5739553633974932,-0.22002851092070358,0.2798565152485571,0.006201050509184743,Medium Risk
Finland,2024,0.9833333333333334,8.408333333333333,103.0731875,-0.5316278646301843,0.04974386757760705,0.29685160305640124,-0.193986746211532,Medium Risk
Finland,2025,1.8166666666666669,9.733333333333333,103.3025,-0.2606515832508515,0.3497005681456584,0.31334762876195105,0.03398528334518354,Medium Risk
France,2010,1.7333333333333334,9.266666666666667,94.455,-0.28774921138878484,0.24405544090156517,-0.3231139135868408,0.10032573975151529,Medium Risk
France,2011,2.2916666666666665,9.216666666666669,96.98475,-0.10619510286463203,0.2327363201254125,-0.141131592393638,0.11273594768204424,Medium Risk
France,2012,2.225,9.783333333333331,97.101875,-0.12787320537497857,0.361019688921811,-0.1327059853693257,0.1686890799222771,Medium Risk
France,2013,0.9833333333333334,10.308333333333334,98.1491875,-0.5316278646301843,0.47987045707141684,-0.057365592142859155,0.09191998757522497,Medium Risk
France,2014,0.6166666666666667,10.258333333333333,99.480125,-0.6508574284370906,0.4685513362952638,0.03837789856297281,0.03134285990391016,Medium Risk
France,2015,0.075,10.341666666666669,100.789875,-0.8269920113336569,0.48741653758885245,0.13259722663206877,-0.03090877993208457,Medium Risk
France,2016,0.3083333333333333,10.058333333333334,101.7996875,-0.7511186525474438,0.4232748531906524,0.20523998687316464,-0.05474616654353986,Medium Risk
France,2017,1.1666666666666667,9.408333333333331,104.234,-0.4720130827267311,0.2761262831006644,0.38035683211859417,-0.07961214969140595,Medium Risk
France,2018,2.1,9.016666666666667,105.9338125,-0.16851964758187846,0.1874598370208007,0.5026360392905366,-0.057353183622270494,Medium Risk
France,2019,1.2916666666666667,8.433333333333334,108.16175,-0.43136664051983115,0.05540342796568357,0.6629069110064687,-0.2342896603744013,Medium Risk
France,2020,0.5333333333333333,8.025,100.0,-0.677955056575024,-0.037036058372898306,0.07577608385018136,-0.2370597629289926,Medium Risk
France,2021,2.075,7.866666666666667,106.5758125,-0.17664893602325843,-0.07287994083071576,0.5488195160001067,-0.19919855442235673,Medium Risk
France,2022,5.9,7.308333333333334,110.0708125,1.0671321955078785,-0.19927678949775637,0.8002389102367873,0.060453481856127866,Medium Risk
France,2023,5.683333333333334,7.333333333333333,111.6048125,0.9966783623492521,-0.19361722910968007,0.9105900835584083,0.0200768774382539,Medium Risk
France,2024,2.325,7.391666666666667,112.396875,-0.09535605160945862,-0.1804115882041683,0.9675685882644428,-0.3123263272378103,Medium Risk
France,2025,0.925,7.658333333333334,113.8665,-0.5505962043267375,-0.12004294406468605,1.073288824961176,-0.4398580983225995,Medium Risk
Germany,2010,1.1416666666666666,6.583333333333333,88.53375,-0.4801423711681111,-0.36340404075197336,-0.7490701619770962,-0.17593069933100075,Medium Risk
Germany,2011,2.475,5.525,91.9376875,-0.04658032096117876,-0.6029920971805427,-0.5042015198398948,-0.214629840910646,Medium Risk
Germany,2012,2.1333333333333333,5.058333333333333,92.1975625,-0.1576805963267052,-0.7086372244246365,-0.4855069232512655,-0.30452140646007675,Medium Risk
Germany,2013,1.6083333333333334,4.933333333333334,92.8858125,-0.32839565359568473,-0.7369350263650185,-0.4359963658597364,-0.3797869360892674,Medium Risk
Germany,2014,0.775,4.716666666666667,94.8906875,-0.5993719349750175,-0.7859845497283477,-0.2917719143517925,-0.5144494724863206,Medium Risk
Germany,2015,0.7000000000000001,4.3500000000000005,96.3865,-0.6237598002991573,-0.8689914354201355,-0.18416783062027486,-0.5847900916757599,Medium Risk
Germany,2016,0.3583333333333333,3.908333333333333,98.7291875,-0.7348600756646838,-0.9689770022761528,-0.01564220196910405,-0.7018180834436608,Medium Risk
Germany,2017,1.7333333333333334,3.516666666666667,101.9025625,-0.28774921138878484,-1.0576434483560169,0.21264049336303525,-0.657674586267251,Medium Risk
Germany,2018,1.9,3.1916666666666664,103.5651875,-0.23355395511291838,-1.131217733401011,0.33224454782448254,-0.7021239627992775,Medium Risk
Germany,2019,1.375,2.95,104.83175,-0.40426901238189794,-1.1859268171524164,0.42335710190542586,-0.7989155326718628,Low Risk
Germany,2020,0.3833333333333333,3.65,100.0,-0.7267307872233039,-1.027459126286276,0.07577608385018136,-0.7469040160801654,Medium Risk
Germany,2021,3.2,3.608333333333333,104.0819375,0.1891690438388407,-1.0368917269330702,0.3694179303629103,-0.535578736387465,Medium Risk
Germany,2022,8.633333333333333,3.141666666666667,106.8998125,1.9559343984320896,-1.1425368541771634,0.5721270649937216,-0.0989135205576992,Medium Risk
Germany,2023,6.066666666666666,3.0666666666666664,106.23475,1.121327451783745,-1.159515535341393,0.524284543998148,-0.34821644093520265,Medium Risk
Germany,2024,2.5083333333333333,3.358333333333333,105.891375,-0.035741269706005496,-1.0934873308138346,0.4995832179620901,-0.657382689911137,Medium Risk
Germany,2025,2.25,3.758333333333333,106.8916875,-0.11974391693359862,-1.0029343646046116,0.5715425778468916,-0.6516988729517637,Medium Risk
Greece,2010,4.683333333333334,12.933333333333332,124.9604375,0.6715068246940529,1.074124297819443,1.871352071298684,0.3642437820582005,Medium Risk
Greece,2011,3.1333333333333333,18.08333333333333,112.1966875,0.16749094132849401,2.2399937377631898,0.9531677241775315,0.9796106064446368,High Risk
Greece,2012,1.0333333333333334,24.825,102.808875,-0.5153692877474243,3.766188522414471,0.2778377865645033,1.6729159175701076,High Risk
Greece,2013,-0.8583333333333334,27.791666666666668,100.1166875,-1.1304854464785095,4.43778968846621,0.08417021848966405,1.8629151665916193,High Risk
Greece,2014,-1.3833333333333335,26.625,101.12275,-1.3012005037474892,4.173676870355976,0.15654321543222194,1.665169640967297,High Risk
Greece,2015,-1.1,24.991666666666664,101.67625,-1.209068568078516,3.8039189250016467,0.1963602782963142,1.4999668364180057,High Risk
Greece,2016,0.0083333333333333,23.891666666666666,101.880875,-0.8486701138440035,3.5548982679262844,0.21108036228649515,1.480632027352642,High Risk
Greece,2017,1.1333333333333333,21.825,103.8414375,-0.4828521339819044,3.0870412758452983,0.3521171108167241,1.328241575564733,High Risk
Greece,2018,0.7833333333333333,19.75,106.20475,-0.5966621721612242,2.6172977636349537,0.5221264376098502,1.0252249426471396,High Risk
Greece,2019,0.525,17.875,108.204125,-0.6806648193888173,2.1928307345292204,0.6659552362799397,0.7590248741919771,High Risk
Greece,2020,-1.2416666666666667,17.599999999999998,100.0000625,-1.2551345359130026,2.130575570260379,0.07578057990515687,0.6735913083752572,Medium Risk
Greece,2021,0.5833333333333334,14.8,108.6504375,-0.6616964796922639,1.496704806795818,0.6980615648608427,0.41023114651806125,Medium Risk
Greece,2022,9.291666666666666,12.45,115.6745,2.1700056607217624,0.964706130316632,1.203350703295916,0.8926846227156614,High Risk
Greece,2023,4.2,11.041666666666666,117.6604375,0.5143405814940399,0.6458842284549923,1.3462128501462476,0.2080017186464586,Medium Risk
Greece,2024,3.0083333333333333,10.141666666666667,120.7623125,0.12684449912159412,0.44214005448424065,1.5693520585862764,-0.05474703473865672,Medium Risk
Greece,2025,2.8833333333333333,8.866666666666667,122.3484375,0.0861980569146942,0.153502474692342,1.6834529417575659,-0.23407993393093396,Medium Risk
Hungary,2010,4.75,10.791666666666666,77.0884375,0.6931849272043994,0.5892886245742279,-1.5724102293875408,0.817081836325942,High Risk
Hungary,2011,3.925,10.65,78.3815625,0.42491840863886,0.5572177823751282,-1.4793868519419593,0.701961784167614,Medium Risk
Hungary,2012,5.666666666666667,10.583333333333334,77.1551875,0.9912588367216655,0.5421256213402578,-1.5676084426735786,0.8819621502213443,High Risk
Hungary,2013,1.7166666666666668,9.916666666666666,79.0188125,-0.2931687370163715,0.3912040109915524,-1.4335450754105363,0.394360399472972,Medium Risk
Hungary,2014,0.025,7.524999999999999,83.1489375,-0.8432505882164169,-0.15022726613442758,-1.1364367705116034,-0.10080145542981817,Medium Risk
Hungary,2015,0.0666666666666666,6.533333333333334,85.9608125,-0.8297017741474503,-0.374723161528126,-0.9341592571584516,-0.2494402615766077,Medium Risk
Hungary,2016,0.4416666666666666,4.875,88.066,-0.7077624475267505,-0.7501406672705303,-0.7827186374146373,-0.4308553404103629,Medium Risk
Hungary,2017,2.4083333333333337,4.033333333333333,92.5816875,-0.0682584234715253,-0.9406792003357706,-0.4578741693711041,-0.39924229333512207,Medium Risk
Hungary,2018,2.908333333333333,3.483333333333333,98.41725,0.09432734535607416,-1.0651895288734525,-0.03808201235242428,-0.4966801583594192,Medium Risk
Hungary,2019,3.4166666666666665,3.2583333333333333,104.2351875,0.25962287699746706,-1.1161255723661403,0.38044225716313096,-0.5562643745164563,Medium Risk
Hungary,2020,3.3833333333333333,4.133333333333334,100.0,0.24878382574229382,-0.9180409587834647,0.07577608385018136,-0.3995405484390805,Medium Risk
Hungary,2021,5.216666666666667,4.041666666666667,107.177875,0.8449316447768257,-0.9387926802064116,0.5921300135802561,-0.3343428493862093,Medium Risk
Hungary,2022,15.158333333333331,3.6666666666666665,112.56725,4.077678681632264,-1.0236860860275585,0.9798248341279839,0.5154955946503031,Medium Risk
Hungary,2023,17.541666666666668,4.075,110.5061875,4.852670846377157,-0.9312465996889764,0.831558429196957,0.8238662682292672,High Risk
Hungary,2024,3.716666666666667,4.366666666666666,110.729625,0.35717433829402695,-0.8652183951614181,0.8476318257347993,-0.4949832612394608,Medium Risk
Hungary,2025,4.45,4.358333333333333,111.728,0.5956334659078397,-0.8671049152907767,0.9194518079153556,-0.4387527794561076,Medium Risk
Ireland,2010,-1.6,14.6,49.8949375,-1.3716543369061154,1.4514283236912062,-3.528625765059977,1.019943013785764,High Risk
Ireland,2011,1.2,15.408333333333331,50.707125,-0.4611740314715578,1.6344207762390108,-3.4701995306517928,1.3728980848083967,High Risk
Ireland,2012,1.9166666666666667,15.491666666666667,50.5664375,-0.22813442948533166,1.6532859775325994,-3.4803201504019134,1.454266690001083,High Risk
Ireland,2013,0.5416666666666666,13.766666666666666,51.493125,-0.6752452937612307,1.2627763107553245,-3.4136571432783933,1.1115459959049718,High Risk
Ireland,2014,0.3,11.891666666666666,56.4915625,-0.7538284153612371,0.8383092816495913,-3.0540851466031698,0.8038231455370585,High Risk
Ireland,2015,-0.0166666666666666,9.916666666666666,69.8783125,-0.8567994022853834,0.3912040109915524,-2.091084123485035,0.35677900950716823,Medium Risk
Ireland,2016,-0.2083333333333333,8.383333333333335,74.0725,-0.91912394700263,0.04408430718953093,-1.789367362236092,0.10417844194119485,Medium Risk
Ireland,2017,0.2416666666666666,6.75,79.840625,-0.7727967550577903,-0.325673638164797,-1.3744264485361062,-0.1197905558925143,Medium Risk
Ireland,2018,0.7333333333333334,5.8,83.3348125,-0.6129207490439841,-0.5407369329117019,-1.1230655030141092,-0.22963159056622434,Medium Risk
Ireland,2019,0.875,4.991666666666666,98.2491875,-0.5668547812094975,-0.7237293854595069,-0.05017190418186626,-0.5218867462562296,Medium Risk
Ireland,2020,-0.4666666666666666,5.841666666666666,100.0,-1.0031265942302232,-0.5313043322649079,0.07577608385018136,-0.5817453611715572,Medium Risk
Ireland,2021,2.441666666666667,6.258333333333333,104.258,-0.05741937221635203,-0.43697832579696716,0.3820833172292324,-0.31213163800923566,Medium Risk
Ireland,2022,8.066666666666666,4.45,113.3725625,1.7716705270941433,-0.8463531938678298,1.0377565024888498,-0.09922673930344192,Medium Risk
Ireland,2023,5.2250000000000005,4.308333333333334,113.7303125,0.8476414075906192,-0.8784240360669296,1.0634919211692995,-0.397617979990139,Medium Risk
Ireland,2024,1.3416666666666668,4.316666666666666,113.5711875,-0.4151080636370712,-0.8765375159375709,1.0520449652013701,-0.7732101701001809,Low Risk
Ireland,2025,2.075,4.666666666666667,125.7009375,-0.17664893602325843,-0.7973036705045006,1.9246213306498314,-0.8365707821891941,Low Risk
Italy,2010,1.6166666666666665,8.508333333333333,109.2015,-0.32568589078189153,0.07238210912991275,0.7377032815808858,-0.20905536898578825,Medium Risk
Italy,2011,2.9,8.575000000000001,109.818,0.09161758254228085,0.08747427016478361,0.7820523678604033,-0.08518806372700463,Medium Risk
Italy,2012,3.325,10.908333333333331,105.3551875,0.2298154860457406,0.615699906385251,0.46101156232624485,0.2845922865410987,Medium Risk
Italy,2013,1.25,12.35,103.2371875,-0.44491545458879783,0.9420678887643262,0.3086492513124287,0.2758294577430381,Medium Risk
Italy,2014,0.1999999999999999,12.783333333333331,103.5489375,-0.7863455691267571,1.0401669354909842,0.33107557353082134,0.21796468230130073,Medium Risk
Italy,2015,0.1416666666666666,12.033333333333331,104.752,-0.8053139088233103,0.8703801238486909,0.4176201357565342,0.1100718621260455,Medium Risk
Italy,2016,-0.0583333333333333,11.716666666666669,106.4783125,-0.87034821635435,0.7986923589330569,0.5418056702381395,0.029880580512595525,Medium Risk
Italy,2017,1.325,11.3,108.578375,-0.4205275892646579,0.7043663524651159,0.6928776134739525,0.08744937675837008,Medium Risk
Italy,2018,1.2416666666666667,10.608333333333333,109.516875,-0.44762521740259115,0.5477851817283339,0.7603903749878654,-0.012473049354183474,Medium Risk
Italy,2019,0.65,9.908333333333331,109.757875,-0.6400183771819173,0.38931749086219325,0.7777271629738568,-0.15289220031824996,Medium Risk
Italy,2020,-0.1833333333333333,9.341666666666669,100.0,-0.91099465856125,0.26103412206579474,0.07577608385018136,-0.1579365533055139,Medium Risk
Italy,2021,1.9416666666666669,9.55,109.241375,-0.22000514104395164,0.30819712529976484,0.7405717646553321,-0.06001733259436949,Medium Risk
Italy,2022,8.716666666666667,8.108333333333333,115.4566875,1.983032026570023,-0.018170857079310432,1.1876819517058803,0.3482877890901756,Medium Risk
Italy,2023,6.033333333333334,7.683333333333334,116.2506875,1.110488400528572,-0.11438338367660973,1.2447998341161588,0.026994861497034978,Medium Risk
Italy,2024,1.0583333333333331,6.558333333333334,116.6285625,-0.5072399993060444,-0.3690636011400497,1.2719829824987585,-0.5911003968615899,Medium Risk
Italy,2025,1.625,6.066666666666666,117.8040625,-0.3229761279680981,-0.4803682887722199,1.3565447844802228,-0.6083859396725839,Medium Risk
Latvia,2010,-1.2083333333333333,19.475,76.150125,-1.2442954846578291,2.555042599366113,-1.6399095027365262,1.232214554833013,High Risk
Latvia,2011,4.216666666666667,16.183333333333334,80.643375,0.5197601071216266,1.809867148269381,-1.3166791184292403,1.3241974299570265,High Risk
Latvia,2012,2.2916666666666665,15.025,85.7381875,-0.10619510286463203,1.547640850288506,-0.9501742049816113,0.9319967352811857,High Risk
Latvia,2013,0.0166666666666666,11.866666666666667,87.058375,-0.8459603510302102,0.8326497212615152,-0.8552040357315861,0.33357756246801173,Medium Risk
Latvia,2014,0.6833333333333335,10.825,88.462625,-0.629179325926744,0.5968347050916631,-0.7541866725393517,0.2605008892756787,Medium Risk
Latvia,2015,0.2083333333333333,9.9,91.15075,-0.7836358063129636,0.38743097073283495,-0.5608113480379279,0.07078701308011398,Medium Risk
Latvia,2016,0.1083333333333333,9.633333333333333,93.6004375,-0.8161529600784836,0.3270623265933527,-0.38458847326849543,-0.004397030073169619,Medium Risk
Latvia,2017,2.9,8.700000000000001,97.231875,0.09161758254228085,0.11577207210516582,-0.12335419102003606,0.11004214901927438,Medium Risk
Latvia,2018,2.5500000000000003,7.391666666666667,101.4859375,-0.022192455637038765,-0.1804115882041683,0.18266979089555144,-0.13339748897230608,Medium Risk
Latvia,2019,2.7583333333333333,6.308333333333334,103.099,0.045551614707794306,-0.4256592050208141,0.2987084737613324,-0.25890581285033526,Medium Risk
Latvia,2020,0.075,8.1,100.0,-0.8269920113336569,-0.02005737720866914,0.07577608385018136,-0.2732815087744679,Medium Risk
Latvia,2021,3.2583333333333333,7.55,108.447625,0.2081373835353939,-0.14456770574635086,0.6834718664649557,-0.1465370111055484,Medium Risk
Latvia,2022,17.125,6.841666666666666,111.773375,4.71718270568749,-0.3049219167418502,0.9227159438276564,1.0781506645697905,High Risk
Latvia,2023,9.491666666666667,6.508333333333333,110.485375,2.2350399682528024,-0.38038272191620276,0.8300612428900761,0.314308380939724,Medium Risk
Latvia,2024,1.375,6.891666666666667,109.4410625,-0.40426901238189794,-0.29360279596569716,0.7549366603024383,-0.4190694337579056,Medium Risk
Latvia,2025,3.8083333333333336,6.925,113.143125,0.3869817292457536,-0.28605671544826194,1.021251484673348,-0.23118413588507453,Medium Risk
Lithuania,2010,1.2083333333333333,17.833333333333332,69.3974375,-0.45846426865776446,2.183398133882426,-2.1256767704674573,1.379295140437375,High Risk
Lithuania,2011,4.125,15.4,74.270625,0.4899527161698999,1.6325342561096525,-1.7751148679633766,1.3182759164984716,High Risk
Lithuania,2012,3.15,13.4,76.782,0.17291046695608064,1.179769425063537,-1.5944543869330068,0.9606487300051941,High Risk
Lithuania,2013,1.1583333333333334,11.8,79.8220625,-0.4747228455405244,0.8175575602266447,-1.3757617768638655,0.5415142818239382,Medium Risk
Lithuania,2014,0.25,10.733333333333334,82.354125,-0.770086992243997,0.5760829836687166,-1.1936131016365656,0.29573801448847237,Medium Risk
Lithuania,2015,-0.6666666666666666,9.141666666666667,86.3505625,-1.068160901761263,0.21575763896118294,-0.9061218583304848,-0.031345079381690455,Medium Risk
Lithuania,2016,0.6916666666666668,7.916666666666667,88.5986875,-0.6264695631129507,-0.06156082005456291,-0.744398760857427,-0.06984152678968128,Medium Risk
Lithuania,2017,3.725,7.108333333333333,92.9009375,0.35988410110782026,-0.24455327260236798,-0.43490832055563644,0.07267025814228938,Medium Risk
Lithuania,2018,2.5416666666666665,6.191666666666666,97.378,-0.024902218450832226,-0.45207048683183765,-0.11284241448703625,-0.21093742605376123,Medium Risk
Lithuania,2019,2.225,6.275,101.329625,-0.12787320537497857,-0.43320528553824933,0.17142515740152448,-0.2892496358619231,Medium Risk
Lithuania,2020,1.0833333333333333,8.525,100.0000625,-0.4991107108646644,0.07615514938863056,0.07578057990515687,-0.1268117545461154,Medium Risk
Lithuania,2021,4.625,7.141666666666667,107.8461875,0.6525384849974996,-0.23700719208493273,0.6402063294345626,-0.050783316430129025,Medium Risk
Lithuania,2022,18.791666666666668,6.083333333333333,111.913,5.259135268446156,-0.4765952485135022,0.9327601306431915,1.1528909301484571,High Risk
Lithuania,2023,8.991666666666665,6.841666666666666,111.44925,2.072454199425202,-0.3049219167418502,0.8993994027240906,0.2893954209118174,Medium Risk
Lithuania,2024,0.8583333333333334,7.083333333333333,114.720625,-0.5722743068370841,-0.2502128329904445,1.1347319122580013,-0.5237350909979477,Medium Risk
Lithuania,2025,3.441666666666667,6.791666666666667,119.59475,0.26775216543884717,-0.31624103751800287,1.4853612555867166,-0.3748671202446906,Medium Risk
Luxembourg,2010,2.7916666666666665,4.566666666666666,78.4875,0.05639066596296757,-0.8199419120568064,-1.4717660387582834,-0.09870054848785625,Medium Risk
Luxembourg,2011,3.733333333333333,4.833333333333333,80.333625,0.3625938639216134,-0.7595732679173244,-1.3389615668884145,-0.0032161614044952658,Medium Risk
Luxembourg,2012,2.9,5.083333333333333,81.659375,0.09161758254228085,-0.7029776640365599,-1.2435912487455594,-0.07528530750648382,Medium Risk
Luxembourg,2013,1.7,5.833333333333333,84.2303125,-0.2985882626439582,-0.5331908523942667,-1.0586460273234235,-0.1444426995256361,Medium Risk
Luxembourg,2014,0.7083333333333334,6.033333333333334,87.3553125,-0.621050037485364,-0.48791436928965487,-0.8338432785424147,-0.26350354018195365,Medium Risk
Luxembourg,2015,0.0666666666666666,6.466666666666666,90.272875,-0.8297017741474503,-0.3898153225629969,-0.6239629362254892,-0.31902560628063564,Medium Risk
Luxembourg,2016,0.05,6.325,93.735375,-0.8351212997750369,-0.4218861647620965,-0.37488149057613096,-0.3865031741983331,Medium Risk
Luxembourg,2017,2.1166666666666667,5.616666666666667,95.530875,-0.16310012195429183,-0.5822403757575957,-0.2457188232365153,-0.2909064598177823,Medium Risk
Luxembourg,2018,2.025,5.533333333333334,97.0010625,-0.19290751290601846,-0.6011055770511837,-0.1399581220450013,-0.33043341798839715,Medium Risk
Luxembourg,2019,1.6416666666666666,5.608333333333333,100.8383125,-0.3175566023405115,-0.5841268958869545,0.13608166923817483,-0.41454676249326566,Medium Risk
Luxembourg,2020,0.0083333333333333,6.666666666666667,100.0,-0.8486701138440035,-0.3445388394583851,0.07577608385018136,-0.4420256706524298,Medium Risk
Luxembourg,2021,3.475,5.408333333333334,108.8091875,0.2785912166940204,-0.629403378991566,0.7094815444989178,-0.3730206333873604,Medium Risk
Luxembourg,2022,8.15,4.591666666666667,108.50075,1.798768155232077,-0.81428235166873,0.6872935131942325,-0.004969431903588478,Medium Risk
Luxembourg,2023,2.958333333333333,5.233333333333333,108.9048125,0.11058592223883407,-0.6690203017081012,0.7163605086116175,-0.4446064759047239,Medium Risk
Luxembourg,2024,2.2583333333333333,6.308333333333334,107.23075,-0.11703415411980529,-0.4256592050208141,0.5959336760896308,-0.3671265839642748,Medium Risk
Luxembourg,2025,2.533333333333333,6.541666666666667,108.411375,-0.027611981264625544,-0.3728366413987673,0.6808641545790963,-0.3308747459945906,Medium Risk
Malta,2010,2.0416666666666665,6.841666666666666,58.7751875,-0.18748798727843183,-0.3049219167418502,-2.8898082899039594,0.36925430342633725,Medium Risk
Malta,2011,2.525,6.391666666666667,59.069375,-0.03032174407841886,-0.406794003727226,-2.8686453591337155,0.36123554673960445,Medium Risk
Malta,2012,3.216666666666667,6.241666666666667,61.89625,0.19458856946642733,-0.4407513660556846,-2.6652887925864146,0.3710586463293689,Medium Risk
Malta,2013,0.9916666666666668,6.041666666666667,64.5493125,-0.528918101816391,-0.4860278491602962,-2.474435754926314,0.09319779586019744,Medium Risk
Malta,2014,0.7666666666666666,5.75,68.6938125,-0.6020816977888108,-0.5520560536878547,-2.1762933573829883,-0.021393864703972865,Medium Risk
Malta,2015,1.1583333333333334,5.375,77.7254375,-0.4747228455405244,-0.6369494595090014,-1.52658643707602,-0.155574296001454,Medium Risk
Malta,2016,0.8916666666666666,4.741666666666667,80.7485,-0.5614352555819109,-0.7803249893402712,-1.309116753960247,-0.2967697205526594,Medium Risk
Malta,2017,1.2416666666666667,3.991666666666666,89.1189375,-0.44762521740259115,-0.9501118009825649,-0.7069735992403643,-0.46794874586398694,Medium Risk
Malta,2018,1.7166666666666668,3.9416666666666655,97.0549375,-0.2931687370163715,-0.9614309217587177,-0.13608252265601736,-0.5414495774530668,Medium Risk
Malta,2019,1.5,4.108333333333333,102.795125,-0.363622570174998,-0.9237005191715412,0.2768486544698668,-0.6263067615322433,Medium Risk
Malta,2020,0.7999999999999999,4.866666666666666,100.000125,-0.5912426465336376,-0.7520271873998892,0.07578507596013238,-0.5685434028520623,Medium Risk
Malta,2021,0.7166666666666667,3.766666666666667,111.8055625,-0.6183402746715707,-1.0010478444752524,0.9250314121401002,-0.8710322870671174,Low Risk
Malta,2022,6.1000000000000005,3.483333333333333,119.30025,1.1321665030389185,-1.0651895288734525,1.4641758445415944,-0.4857799824333696,Medium Risk
Malta,2023,5.591666666666666,3.4916666666666667,126.8749375,0.9668709713975252,-1.0633030087440933,2.0090752273118815,-0.6434052584151655,Medium Risk
Malta,2024,2.441666666666667,3.1916666666666664,133.86175,-0.05741937221635203,-1.131217733401011,2.511684716981485,-1.0851716217617082,Low Risk
Malta,2025,2.4,3.0416666666666665,139.057375,-0.07096818628531876,-1.1651750957294695,2.885441767104791,-1.1809663571712887,Low Risk
Netherlands,2010,0.9333333333333332,6.091666666666666,88.0495625,-0.5478864415129443,-0.4747087283841435,-0.7839010998732261,-0.24494007667130982,Medium Risk
Netherlands,2011,2.466666666666667,6.033333333333334,89.68243749999999,-0.04929008377497208,-0.48791436928965487,-0.6664371675801735,-0.12545677626128435,Medium Risk
Netherlands,2012,2.841666666666667,6.825,88.91675000000001,0.07264924284572763,-0.30869495700056765,-0.721518337086495,0.011750961770733481,Medium Risk
Netherlands,2013,2.566666666666667,8.200000000000001,89.1851875,-0.016772930009452132,0.0025808643436369557,-0.7022077809662072,0.1367001093622243,Medium Risk
Netherlands,2014,0.3166666666666667,8.341666666666667,90.5464375,-0.7484088897336504,0.03465170654273659,-0.6042837035971999,-0.08634007292928686,Medium Risk
Netherlands,2015,0.2083333333333333,7.908333333333334,94.584875,-0.7836358063129636,-0.06344734018392162,-0.31377111134750213,-0.20406018971634943,Medium Risk
Netherlands,2016,0.1083333333333333,7.008333333333333,95.5968125,-0.8161529600784836,-0.26719151415467385,-0.24097548523723575,-0.3302465480534348,Medium Risk
Netherlands,2017,1.2833333333333334,5.891666666666667,98.7436875,-0.43407640333362446,-0.5199852114887549,-0.0145991172147603,-0.38729570330151275,Medium Risk
Netherlands,2018,1.6,4.875,101.34325,-0.33110541640947805,-0.7501406672705303,0.17240529738621,-0.5088830180353505,Medium Risk
Netherlands,2019,2.6666666666666665,4.425,104.148875,0.015744223756067675,-0.8520127542559063,0.37423320524180015,-0.49612975104949286,Medium Risk
Netherlands,2020,1.125,4.858333333333333,100.0000625,-0.4855618967956977,-0.7539137075292479,0.07578057990515687,-0.5377815387843646,Medium Risk
Netherlands,2021,2.825,4.241666666666666,106.2904375,0.06722971721814099,-0.8935161971018003,0.5282905289814249,-0.5322472891817429,Medium Risk
Netherlands,2022,11.616666666666667,3.516666666666667,111.73225,2.926029485770101,-1.0576434483560169,0.9197575396536978,0.16503561362228225,Medium Risk
Netherlands,2023,4.216666666666667,3.5500000000000003,110.4924375,0.5197601071216266,-1.0500973678385817,0.8305692971023204,-0.5352345112032669,Medium Risk
Netherlands,2024,3.225,3.658333333333333,111.6431875,0.19729833228022065,-1.0255726061569173,0.9133506613134392,-0.6362669356570803,Medium Risk
Netherlands,2025,2.9916666666666667,3.883333333333333,113.718125,0.12142497349400748,-0.9746365626642293,1.0626151904490537,-0.6634138273737231,Medium Risk
Poland,2010,2.658333333333333,9.975,72.66575,0.013034460942274357,0.4044096518970641,-1.890564567627351,0.5842280777566846,Medium Risk
Poland,2011,3.908333333333333,9.958333333333334,76.360125,0.41949888301127336,0.4006366116383467,-1.624802758018443,0.651128522326244,Medium Risk
Poland,2012,3.675,10.391666666666667,77.1065,0.3436255242250602,0.4987356583650051,-1.5711108694995868,0.666677660349938,Medium Risk
Poland,2013,0.8250000000000001,10.608333333333333,77.312125,-0.5831133580922574,0.5477851817283339,-1.5563188486297965,0.41022235316244904,Medium Risk
Poland,2014,0.0999999999999999,9.208333333333334,80.969875,-0.8188627228922769,0.2308497999960534,-1.293191727236601,0.12840442857766382,Medium Risk
Poland,2015,-0.7000000000000001,7.658333333333334,84.5005625,-1.0789999530164363,-0.12004294406468605,-1.0392050856088415,-0.1758804408155056,Medium Risk
Poland,2016,-0.1916666666666666,6.258333333333333,87.324625,-0.9137044213750433,-0.43697832579696716,-0.8360508415354442,-0.3253903210039077,Medium Risk
Poland,2017,1.6333333333333335,4.941666666666666,92.234375,-0.32026636515430473,-0.7350485062356598,-0.48285874687062547,-0.3670324132899962,Medium Risk
Poland,2018,1.1583333333333334,3.891666666666666,98.2315625,-0.4747228455405244,-0.9727500425348706,-0.05143979168499184,-0.6185039165925943,Medium Risk
Poland,2019,2.15,3.25,102.3051875,-0.15226107069911857,-1.118012092495499,0.24160407951598048,-0.6530051833606813,Medium Risk
Poland,2020,3.641666666666667,3.1833333333333336,100.0,0.33278647296988706,-1.1331042535303695,0.07577608385018136,-0.4818714016442549,Medium Risk
Poland,2021,5.233333333333333,3.3833333333333333,107.8408125,0.8503511704044123,-1.0878277704257582,0.6398196687066592,-0.41677246783288724,Medium Risk
Poland,2022,13.158333333333331,2.875,113.8838125,3.4273356063218654,-1.2029054983166458,1.0745342321894231,0.21184108630035212,Medium Risk
Poland,2023,10.991666666666667,2.841666666666667,113.1785625,2.7227972747356013,-1.210451578834081,1.0238007478445246,0.006853243434734868,Medium Risk
Poland,2024,3.6666666666666665,2.9,116.8886875,0.3409157614112669,-1.1972459379285691,1.2906955633072899,-0.7544873532023626,Low Risk
Poland,2025,3.3666666666666667,3.1500000000000004,121.631,0.24336430011470717,-1.1406503340478047,1.6318427266924216,-0.8236844223279746,Low Risk
Portugal,2010,1.3833333333333335,12.583333333333334,101.1861875,-0.4015592495681045,0.9948904523863733,0.16110671123247686,0.3447561090762599,Medium Risk
Portugal,2011,3.5500000000000003,13.55,98.3198125,0.30297908201816043,1.2137267873919957,-0.045091362059415996,0.7067753907133292,Medium Risk
Portugal,2012,2.7583333333333333,16.558333333333334,93.6595,0.045551614707794306,1.8947605540905277,-0.38033970131653466,1.037113701720909,High Risk
Portugal,2013,0.45,17.241666666666667,92.9483125,-0.7050526847129571,2.0494552046979506,-0.43150031088411617,0.8995118591119113,High Risk
Portugal,2014,-0.1583333333333333,14.65,94.2451875,-0.90286537011987,1.4627474444673592,-0.33820717013999757,0.5281555452257181,Medium Risk
Portugal,2015,0.5,12.991666666666667,96.236625,-0.6887941078301972,1.087329938724955,-0.19494937045181163,0.37601661110378065,Medium Risk
Portugal,2016,0.6416666666666667,11.466666666666669,98.3563125,-0.6427281399957107,0.7420967550522924,-0.042465665953653545,0.18672306871816374,Medium Risk
Portugal,2017,1.55,9.233333333333333,101.823625,-0.34736399329223805,0.23650936038412954,0.20696197592882734,-0.02734691298137211,Medium Risk
Portugal,2018,1.1583333333333334,7.166666666666667,105.0029375,-0.4747228455405244,-0.2313476316968562,0.4356717964836497,-0.3452250288073153,Medium Risk
Portugal,2019,0.3,6.633333333333333,108.1905,-0.7538284153612371,-0.35208491997582053,0.6649750962952542,-0.5351860038553322,Medium Risk
Portugal,2020,-0.125,7.091666666666666,100.0000625,-0.8920263188646967,-0.24832631286108578,0.07578057990515687,-0.4069271680709833,Medium Risk
Portugal,2021,0.9333333333333332,6.7250000000000005,106.0188125,-0.5478864415129443,-0.33133319855287335,0.5087506740573796,-0.4317826665417959,Medium Risk
Portugal,2022,8.075000000000001,6.183333333333334,113.1605,1.774380289907937,-0.45395700696119634,1.0225013879565705,0.10083530590046885,Medium Risk
Portugal,2023,5.333333333333333,6.583333333333333,116.3486875,0.8828683241699322,-0.36340404075197336,1.251849648317931,-0.16721145278859326,Medium Risk
Portugal,2024,2.6750000000000003,6.466666666666666,119.306625,0.018453986569861136,-0.3898153225629969,1.464634442149107,-0.48229835374036156,Medium Risk
Portugal,2025,2.2,6.041666666666667,122.25675,-0.1360024938163585,-0.4860278491602962,1.6768572291083306,-0.6191861185467218,Medium Risk
Romania,2010,6.058333333333334,9.016666666666667,71.648375,1.1186176889699517,0.1874598370208007,-1.9637513505204964,0.8220654953054851,High Risk
Romania,2011,5.875,9.108333333333333,74.9963125,1.0590029070664986,0.2082115584437473,-1.7229111736414504,0.7663888860701134,High Risk
Romania,2012,3.3833333333333333,8.716666666666667,76.0166875,0.24878382574229382,0.11954511236388324,-1.6495085801094753,0.46430941992652486,Medium Risk
Romania,2013,3.208333333333333,8.983333333333333,76.004,0.19187880665263388,0.17991375650336508,-1.650421279269526,0.4776047761013779,Medium Risk
Romania,2014,1.3833333333333335,8.616666666666667,79.42025,-0.4015592495681045,0.09690687081157755,-1.404666914302128,0.20891904339578304,Medium Risk
Romania,2015,-0.4083333333333332,8.366666666666667,82.439875,-0.9841582545336698,0.04031126693081311,-1.1874445142100143,-0.03760294005269149,Medium Risk
Romania,2016,-1.0333333333333334,7.191666666666666,85.6405,-1.1873904655681693,-0.22568807130877988,-0.957201538908505,-0.2776208675431397,Medium Risk
Romania,2017,1.0916666666666666,6.091666666666666,93.2425625,-0.49640094805087104,-0.4747087283841435,-0.410332884058896,-0.30420807179555387,Medium Risk
Romania,2018,4.075,5.25,98.7690625,0.47369413928714,-0.6652472614493836,-0.012773718894657716,-0.18796064515961827,Medium Risk
Romania,2019,3.908333333333333,4.908333333333333,103.3906875,0.41949888301127336,-0.7425945867530951,0.3196915623325514,-0.3093859409396758,Medium Risk
Romania,2020,2.333333333333333,6.041666666666667,99.9999375,-0.09264628879566544,-0.4860278491602962,0.07577158779520585,-0.2859621287778889,Medium Risk
Romania,2021,4.108333333333333,5.6000000000000005,106.4126875,0.48453319054231325,-0.5860134160163133,0.5370848125137385,-0.2550637133482104,Medium Risk
Romania,2022,11.975,5.616666666666667,111.160125,3.042549286763214,-0.5822403757575957,0.8786006524068707,0.445924467668792,Medium Risk
Romania,2023,9.816666666666666,5.55,113.1423125,2.340720717990742,-0.5973325367924663,1.0211930359586652,0.19931133980925636,Medium Risk
Romania,2024,5.8500000000000005,5.458333333333333,114.982,1.0508736186251186,-0.6180842582154134,1.1535344141660449,-0.22448692635338005,Medium Risk
Romania,2025,6.75,6.108333333333333,116.2595,1.3435280025147978,-0.4709356881254257,1.2454337778677216,-0.08149619888181783,Medium Risk
Slovakia,2010,0.7083333333333334,14.383333333333333,81.7591875,-0.621050037485364,1.402378800327877,-1.2364110489494942,0.7621565987082282,High Risk
Slovakia,2011,4.083333333333333,13.633333333333333,83.6179375,0.4764039021009332,1.2325919886855836,-1.10269837397455,0.9797568397679818,High Risk
Slovakia,2012,3.758333333333333,13.908333333333331,83.8895625,0.37072315236299336,1.2948471529544243,-1.0831585190505046,0.975272225996211,High Risk
Slovakia,2013,1.4666666666666668,14.116666666666667,84.65056249999999,-0.3744616214301713,1.342010156188395,-1.0284145536673537,0.7643495023986169,High Risk
Slovakia,2014,-0.0916666666666666,13.125,87.2634375,-0.8811872676095235,1.1175142607946962,-0.8404524793565765,0.4624914459858064,Medium Risk
Slovakia,2015,-0.3333333333333333,11.458333333333334,92.5279375,-0.95977038920953,0.7402102349229334,-0.461740776650138,0.1745221560286353,Medium Risk
Slovakia,2016,-0.4833333333333333,9.633333333333333,94.59675,-1.0085461198578098,0.3270623265933527,-0.31291686090213405,-0.07644930048023976,Medium Risk
Slovakia,2017,1.3916666666666666,8.091666666666667,97.390375,-0.3988494867543113,-0.021943897338027846,-0.11195219560186304,-0.10823635557493469,Medium Risk
Slovakia,2018,2.5416666666666665,6.5,101.266625,-0.024902218450832226,-0.38226924204556145,0.16689313398610017,-0.23198391335525043,Medium Risk
Slovakia,2019,2.775,5.741666666666667,103.699875,0.05097114033538094,-0.5539425738172135,0.34193354629694495,-0.33006665406738145,Medium Risk
Slovakia,2020,2.0083333333333333,6.633333333333333,100.0,-0.1983270385336051,-0.35208491997582053,0.07577608385018136,-0.2506957883180281,Medium Risk
Slovakia,2021,2.8166666666666664,6.841666666666666,106.338875,0.06451995440434753,-0.3049219167418502,0.531774971587531,-0.23945996636712705,Medium Risk
Slovakia,2022,12.108333333333334,6.15,107.6019375,3.0859054917839073,-0.46150308747863156,0.6226357465898393,0.5704929544778885,Medium Risk
Slovakia,2023,11.091666666666669,5.841666666666666,107.307125,2.7553144285011215,-0.5313043322649079,0.6014278552698386,0.44065659136391483,Medium Risk
Slovakia,2024,3.141666666666667,5.333333333333333,109.825125,0.17020070414228747,-0.6463820601557956,0.7825649181276242,-0.4286438024607364,Medium Risk
Slovakia,2025,4.241666666666666,5.425,110.9214375,0.5278893955630063,-0.6256303387328486,0.8614302184549775,-0.3267343943885179,Medium Risk
Slovenia,2010,2.0500000000000003,7.25,86.768125,-0.18477822446463837,-0.21248243040326814,-0.8760837150383662,0.013542060466647687,Medium Risk
Slovenia,2011,2.075,8.174999999999999,87.535375,-0.17664893602325843,-0.0030786960444399705,-0.8208901441576526,0.10964400000233303,Medium Risk
Slovenia,2012,2.8083333333333336,8.883333333333335,84.5205,0.061810191590554356,0.1572755149510598,-1.037770844071619,0.30473498376702,Medium Risk
Slovenia,2013,1.933333333333333,10.125,83.9526875,-0.22271490385774517,0.4383670142255229,-1.0786175035251284,0.3680925366604636,Medium Risk
Slovenia,2014,0.3666666666666667,9.716666666666669,86.042375,-0.7321503128508905,0.34592752788694137,-0.928291905415267,0.13897705117125694,Medium Risk
Slovenia,2015,-0.7583333333333333,8.975,88.14750000000001,-1.0979682927129895,0.1780272363740064,-0.7768557817264282,-0.085005713281608,Medium Risk
Slovenia,2016,-0.15,7.975,91.2240625,-0.9001556073060767,-0.04835517914905136,-0.5555374755515254,-0.1831167766560436,Medium Risk
Slovenia,2017,1.5583333333333331,6.558333333333334,96.4050625,-0.3446542304784448,-0.3690636011400497,-0.18283250229251555,-0.25136156925505515,Medium Risk
Slovenia,2018,1.933333333333333,5.108333333333333,101.1165625,-0.22271490385774517,-0.6973181036484835,0.15609810598963583,-0.4466931441794924,Medium Risk
Slovenia,2019,1.6916666666666669,4.433333333333333,104.6525,-0.3012980254577514,-0.8501262341265475,0.41046241623534746,-0.5975450079476687,Medium Risk
Slovenia,2020,-0.2583333333333333,4.9750000000000005,99.9999375,-0.93538252388539,-0.7275024257182243,0.07577158779520585,-0.6595202875837703,Medium Risk
Slovenia,2021,2.0416666666666665,4.758333333333334,109.6179375,-0.18748798727843183,-0.7765519490815536,0.7676604958834431,-0.598054469900995,Medium Risk
Slovenia,2022,9.291666666666666,4.016666666666667,114.01475,2.1700056607217624,-0.9444522405944882,1.0839534673633475,-0.038015115553384965,Medium Risk
Slovenia,2023,7.291666666666667,3.65,115.3319375,1.5196625854113641,-1.027459126286276,1.1787078259745418,-0.2935723527146372,Medium Risk
Slovenia,2024,2.0083333333333333,3.675,117.80575,-0.1983270385336051,-1.0217995658981995,1.3566661779645648,-0.8417311301020942,Low Risk
Slovenia,2025,2.4916666666666667,3.85,119.722375,-0.041160795333592126,-0.9821826431816645,1.4945421998469328,-0.8023480001602965,Low Risk
Spain,2010,2.058333333333333,19.85833333333333,101.7424375,-0.1820684616508452,2.6418225253166177,0.20112160051549582,1.226066404059956,High Risk
Spain,2011,3.0583333333333336,21.40833333333333,100.6054375,0.14310307600435415,2.9927152693773573,0.11932936839901354,1.515422683810182,High Risk
Spain,2012,2.433333333333333,24.8,97.0673125,-0.06012913503014549,3.760528962026395,-0.13519230377084415,1.8892642012583227,High Risk
Spain,2013,1.5333333333333332,26.1,95.4235,-0.35278351891982473,4.054826102206371,-0.2534430456846301,1.9722666045641641,High Risk
Spain,2014,-0.1916666666666666,24.46666666666667,97.183125,-0.9137044213750433,3.6850681568520436,-0.12686111390101967,1.5937949747937128,High Risk
Spain,2015,-0.625,22.066666666666663,101.112375,-1.0546120876922964,3.141750359596703,0.15579687030626926,1.2233321794294088,High Risk
Spain,2016,-0.3416666666666666,19.641666666666666,103.745125,-0.9624801520233233,2.592773001953289,0.34518869009929365,0.9386047173497888,High Risk
Spain,2017,2.033333333333333,17.25,107.0673125,-0.19019775009222514,2.051341724827309,0.584176492328384,0.8517762389203103,High Risk
Spain,2018,1.725,15.258333333333333,109.9408125,-0.29045897420257816,1.6004634139105525,0.7908871158874976,0.5549165915170033,Medium Risk
Spain,2019,0.7833333333333333,14.116666666666667,111.997,-0.5966621721612242,1.342010156188395,0.9388028285304253,0.3042458607397452,Medium Risk
Spain,2020,-0.3333333333333333,15.541666666666666,100.0000625,-0.95977038920953,1.6646050983087521,0.07578057990515687,0.5292153164104857,Medium Risk
Spain,2021,3.0083333333333333,14.933333333333332,107.1403125,0.12684449912159412,1.5268891288655584,0.5894278845399078,0.6836123372612759,Medium Risk
Spain,2022,8.333333333333334,13.066666666666668,113.604375,1.85838293713553,1.1043086198891847,1.0544323703934253,0.8987827170065663,High Risk
Spain,2023,3.4333333333333336,12.2,116.0056875,0.26504240262505385,0.9081105264358675,1.2271752986117272,0.28813292428310444,Medium Risk
Spain,2024,2.8666666666666667,11.358333333333334,120.0906875,0.08077853128710757,0.7175719933706276,1.5210374518182626,0.07881206570779353,Medium Risk
Spain,2025,2.6916666666666664,10.516666666666667,124.09725,0.023873512197447627,0.5270334603053873,1.809257056030394,-0.09117262739415088,Medium Risk
Sweden,2010,1.9083333333333328,8.708333333333334,83.6285,-0.2308441922991252,0.11765859223452453,-1.1019385406836697,0.20996374656425865,Medium Risk
Sweden,2011,1.3583333333333334,7.891666666666667,86.60725000000001,-0.40968853800948457,-0.06722038044263944,-0.8876565605456118,0.021014560484957284,Medium Risk
Sweden,2012,0.9416666666666668,8.075000000000001,86.6134375,-0.5451766786991509,-0.025716937596745263,-0.8872114511030257,0.0010308178124872613,Medium Risk
Sweden,2013,0.4583333333333333,8.125,87.6480625,-0.7023429218991638,-0.014397816820592615,-0.81278375703661,-0.05534503357272344,Medium Risk
Sweden,2014,0.1916666666666666,8.041666666666666,90.2736875,-0.7890553319405504,-0.03326301811418089,-0.6239044875108064,-0.12856721113709427,Medium Risk
Sweden,2015,0.6916666666666668,7.508333333333333,94.063125,-0.6264695631129507,-0.154000306393145,-0.3513041782839792,-0.1946801864736618,Medium Risk
Sweden,2016,1.125,7.058333333333334,96.2271875,-0.4855618967956977,-0.2558723933785208,-0.19562827475313058,-0.2344791107773436,Medium Risk
Sweden,2017,1.8666666666666665,6.8,98.6304375,-0.24439300636809172,-0.3143545173886442,-0.0227459688305836,-0.22594596683863288,Medium Risk
Sweden,2018,2.0500000000000003,6.458333333333333,100.6421875,-0.18477822446463837,-0.3917018426923556,0.12197304872467907,-0.2756789984305051,Medium Risk
Sweden,2019,1.725,6.916666666666667,102.6873125,-0.29045897420257816,-0.28794323557762064,0.26909295963692237,-0.28492790197696827,Medium Risk
Sweden,2020,0.6583333333333333,8.525,99.9999375,-0.637308614368124,0.07615514938863056,0.07577158779520585,-0.1682693271751631,Medium Risk
Sweden,2021,2.65,8.883333333333333,105.7580625,0.01032469812848104,0.1572755149510594,0.4899931326990921,-0.016263459625744422,Medium Risk
Sweden,2022,8.033333333333333,7.483333333333333,108.2855625,1.76083147583897,-0.15965986678122132,0.6718135959131722,0.3140567901784458,Medium Risk
Sweden,2023,5.983333333333333,7.666666666666667,107.9510625,1.094229823645812,-0.11815642393532734,0.6477507096836537,0.13964059318934915,Medium Risk
Sweden,2024,2.0,8.358333333333333,109.1381875,-0.2010368013473984,0.038424746801454,0.733148777890583,-0.18772842258160913,Medium Risk
Sweden,2025,2.6083333333333334,8.858333333333333,111.389,-0.003224115940485545,0.15161595456298288,0.895065205727592,-0.10417229864617264,Medium Risk
